{
  "version": 1,
  "author": "Anonymous maker",
  "editor": "wokwi",
  "parts": [
    { "type": "board-pi-pico-w", "id": "pico", "top": -12.85, "left": 157.15, "attrs": {} },
    {
      "type": "wokwi-led",
      "id": "led1",
      "top": 102,
      "left": 42.2,
      "attrs": { "color": "limegreen" }
    },
    { "type": "wokwi-led", "id": "led2", "top": 159.6, "left": 23, "attrs": { "color": "blue" } },
    { "type": "wokwi-led", "id": "led3", "top": 207.6, "left": 42.2, "attrs": { "color": "red" } },
    {
      "type": "wokwi-resistor",
      "id": "r1",
      "top": 119.15,
      "left": -57.6,
      "attrs": { "value": "220" }
    },
    {
      "type": "wokwi-resistor",
      "id": "r2",
      "top": 205.55,
      "left": -57.6,
      "attrs": { "value": "220" }
    },
    {
      "type": "wokwi-resistor",
      "id": "r3",
      "top": 263.15,
      "left": -67.2,
      "attrs": { "value": "220" }
    },
    { "type": "wokwi-neopixel", "id": "rgb1", "top": -118.7, "left": -20.2, "attrs": {} },
    { "type": "wokwi-neopixel", "id": "rgb2", "top": -118.7, "left": -49, "attrs": {} },
    { "type": "wokwi-neopixel", "id": "rgb3", "top": -118.7, "left": -77.8, "attrs": {} },
    { "type": "wokwi-neopixel", "id": "rgb4", "top": -118.7, "left": -106.6, "attrs": {} },
    { "type": "wokwi-neopixel", "id": "rgb5", "top": -118.7, "left": -135.4, "attrs": {} },
    {
      "type": "wokwi-neopixel",
      "id": "rgb6",
      "top": -147.5,
      "left": -20.2,
      "rotate": 180,
      "attrs": {}
    },
    {
      "type": "wokwi-neopixel",
      "id": "rgb7",
      "top": -147.5,
      "left": -49,
      "rotate": 180,
      "attrs": {}
    },
    {
      "type": "wokwi-neopixel",
      "id": "rgb8",
      "top": -147.5,
      "left": -77.8,
      "rotate": 180,
      "attrs": {}
    },
    {
      "type": "wokwi-neopixel",
      "id": "rgb9",
      "top": -147.5,
      "left": -106.6,
      "rotate": 180,
      "attrs": {}
    },
    {
      "type": "wokwi-neopixel",
      "id": "rgb10",
      "top": -147.5,
      "left": -135.4,
      "rotate": 180,
      "attrs": {}
    },
    { "type": "wokwi-neopixel", "id": "rgb11", "top": -176.3, "left": -20.2, "attrs": {} },
    { "type": "wokwi-neopixel", "id": "rgb12", "top": -176.3, "left": -49, "attrs": {} },
    { "type": "wokwi-neopixel", "id": "rgb13", "top": -176.3, "left": -77.8, "attrs": {} },
    { "type": "wokwi-neopixel", "id": "rgb14", "top": -176.3, "left": -106.6, "attrs": {} },
    { "type": "wokwi-neopixel", "id": "rgb15", "top": -176.3, "left": -135.4, "attrs": {} },
    {
      "type": "wokwi-neopixel",
      "id": "rgb16",
      "top": -205.1,
      "left": -20.2,
      "rotate": 180,
      "attrs": {}
    },
    {
      "type": "wokwi-neopixel",
      "id": "rgb17",
      "top": -205.1,
      "left": -49,
      "rotate": 180,
      "attrs": {}
    },
    {
      "type": "wokwi-neopixel",
      "id": "rgb18",
      "top": -205.1,
      "left": -77.8,
      "rotate": 180,
      "attrs": {}
    },
    {
      "type": "wokwi-neopixel",
      "id": "rgb19",
      "top": -205.1,
      "left": -106.6,
      "rotate": 180,
      "attrs": {}
    },
    {
      "type": "wokwi-neopixel",
      "id": "rgb20",
      "top": -205.1,
      "left": -135.4,
      "rotate": 180,
      "attrs": {}
    },
    { "type": "wokwi-neopixel", "id": "rgb21", "top": -233.9, "left": -20.2, "attrs": {} },
    { "type": "wokwi-neopixel", "id": "rgb22", "top": -233.9, "left": -49, "attrs": {} },
    { "type": "wokwi-neopixel", "id": "rgb23", "top": -233.9, "left": -77.8, "attrs": {} },
    { "type": "wokwi-neopixel", "id": "rgb24", "top": -233.9, "left": -106.6, "attrs": {} },
    { "type": "wokwi-neopixel", "id": "rgb25", "top": -233.9, "left": -135.4, "attrs": {} },
    {
      "type": "wokwi-pushbutton",
      "id": "btn1",
      "top": -3.4,
      "left": -28.8,
      "attrs": { "color": "green" }
    },
    {
      "type": "wokwi-pushbutton",
      "id": "btn2",
      "top": 83,
      "left": 278.4,
      "attrs": { "color": "green" }
    }
  ],
  "connections": [
    [ "pico:GP0", "$serialMonitor:RX", "", [] ],
    [ "pico:GP1", "$serialMonitor:TX", "", [] ],
    [ "led1:C", "r1:2", "green", [ "h-38", "v-28.8" ] ],
    [ "led2:C", "r2:2", "green", [ "v0" ] ],
    [ "led3:C", "r3:2", "green", [ "v0" ] ],
    [ "r3:1", "pico:GND.4", "green", [ "v0" ] ],
    [ "r2:1", "pico:GND.4", "green", [ "v0" ] ],
    [ "r1:1", "pico:GND.4", "green", [ "v0" ] ],
    [ "led1:A", "pico:GP11", "green", [ "v0" ] ],
    [ "led2:A", "pico:GP12", "green", [ "h38.4", "v-57.64" ] ],
    [ "led3:A", "pico:GP13", "green", [ "h28.8", "v-96.04" ] ],
    [ "rgb1:VSS", "pico:GND.1", "black", [ "v-0.9", "h76", "v105.6" ] ],
    [ "rgb1:VDD", "pico:3V3", "green", [ "h0", "v-9.6", "h288", "v144" ] ],
    [ "rgb1:DOUT", "rgb2:DIN", "blue", [ "h0" ] ],
    [ "rgb2:DOUT", "rgb3:DIN", "blue", [ "h0" ] ],
    [ "rgb3:DOUT", "rgb4:DIN", "blue", [ "h0" ] ],
    [ "rgb4:DOUT", "rgb5:DIN", "blue", [ "h0" ] ],
    [ "pico:GP7", "rgb1:DIN", "blue", [ "h-57.6", "v-182.4" ] ],
    [ "rgb2:VDD", "rgb1:VDD", "green", [ "h0", "v-9.6", "h19.2" ] ],
    [ "rgb3:VDD", "rgb2:VDD", "green", [ "h0", "v-9.6", "h19.2" ] ],
    [ "rgb4:VDD", "rgb3:VDD", "green", [ "h0", "v-9.6", "h19.2" ] ],
    [ "rgb5:VDD", "rgb4:VDD", "green", [ "h0", "v-9.6", "h19.2" ] ],
    [ "rgb11:DOUT", "rgb12:DIN", "blue", [ "h0" ] ],
    [ "rgb12:DOUT", "rgb13:DIN", "blue", [ "h0" ] ],
    [ "rgb13:DOUT", "rgb14:DIN", "blue", [ "h0" ] ],
    [ "rgb14:DOUT", "rgb15:DIN", "blue", [ "h0" ] ],
    [ "rgb11:VDD", "rgb12:VDD", "green", [ "h0", "v-9.6", "h-19.2" ] ],
    [ "rgb12:VDD", "rgb13:VDD", "green", [ "h0", "v-9.6", "h-19.2" ] ],
    [ "rgb14:VDD", "rgb13:VDD", "green", [ "h0", "v-9.6", "h19.2" ] ],
    [ "rgb15:VDD", "rgb14:VDD", "green", [ "h0", "v-9.6", "h19.2" ] ],
    [ "rgb1:VSS", "rgb2:VSS", "black", [ "v8.7", "h-20" ] ],
    [ "rgb3:VSS", "rgb2:VSS", "black", [ "v8.7", "h28" ] ],
    [ "rgb4:VSS", "rgb3:VSS", "black", [ "v8.7", "h8.8" ] ],
    [ "rgb5:VSS", "rgb4:VSS", "black", [ "v8.7", "h18.4" ] ],
    [ "rgb5:DOUT", "rgb10:DIN", "blue", [ "h-9.6", "v-20.1" ] ],
    [ "rgb10:DOUT", "rgb9:DIN", "blue", [ "h0" ] ],
    [ "rgb9:DOUT", "rgb8:DIN", "blue", [ "h0" ] ],
    [ "rgb8:DOUT", "rgb7:DIN", "blue", [ "h0" ] ],
    [ "rgb7:DOUT", "rgb6:DIN", "blue", [ "h0" ] ],
    [ "rgb6:DOUT", "rgb11:DIN", "blue", [ "h9.8", "v-1.5" ] ],
    [ "rgb15:DOUT", "rgb20:DIN", "blue", [ "h-9.6", "v-20.1" ] ],
    [ "rgb20:DOUT", "rgb19:DIN", "blue", [ "h0" ] ],
    [ "rgb19:DOUT", "rgb18:DIN", "blue", [ "h0" ] ],
    [ "rgb18:DOUT", "rgb17:DIN", "blue", [ "h0" ] ],
    [ "rgb17:DOUT", "rgb16:DIN", "blue", [ "h0" ] ],
    [ "rgb16:DOUT", "rgb21:DIN", "blue", [ "h9.8", "v-20.7" ] ],
    [ "rgb8:VDD", "rgb2:VDD", "green", [ "h0.2", "v7.2", "h9.6" ] ],
    [ "rgb10:VDD", "rgb4:VDD", "green", [ "h0.2", "v7.2", "h9.6" ] ],
    [ "rgb9:VDD", "rgb3:VDD", "green", [ "h0.2", "v7.2", "h9.6" ] ],
    [ "rgb7:VDD", "rgb1:VDD", "green", [ "h0.2", "v7.2", "h9.6" ] ],
    [ "rgb6:VDD", "rgb1:VDD", "green", [ "h0.2", "v7.2", "h-19.2" ] ],
    [ "rgb5:VSS", "rgb10:VSS", "black", [ "v8.7", "h-39.2", "v-48" ] ],
    [ "rgb9:VSS", "rgb10:VSS", "black", [ "v-11.1", "h-27.8" ] ],
    [ "rgb8:VSS", "rgb9:VSS", "black", [ "v-11.1", "h-18.2" ] ],
    [ "rgb7:VSS", "rgb8:VSS", "black", [ "h-1", "v-11.1", "h-29.8" ] ],
    [ "rgb6:VSS", "rgb7:VSS", "black", [ "v-11.1", "h-18.2" ] ],
    [ "rgb11:VSS", "rgb6:VSS", "black", [ "v8.7", "h-10.4" ] ],
    [ "rgb11:VDD", "rgb16:VDD", "green", [ "h0", "v-9.6", "h19.2" ] ],
    [ "rgb17:VDD", "rgb11:VDD", "green", [ "h0.2", "v7.2", "h9.6" ] ],
    [ "rgb18:VDD", "rgb12:VDD", "green", [ "h0.2", "v7.2", "h9.6" ] ],
    [ "rgb19:VDD", "rgb13:VDD", "green", [ "h0.2", "v7.2", "h9.6" ] ],
    [ "rgb20:VDD", "rgb14:VDD", "green", [ "h0.2", "v7.2", "h9.6" ] ],
    [ "rgb20:VSS", "rgb10:VSS", "black", [ "v-1.5", "h-18.2", "v48" ] ],
    [ "rgb19:VSS", "rgb20:VSS", "black", [ "v-11.1", "h-37.4" ] ],
    [ "rgb18:VSS", "rgb19:VSS", "black", [ "v-11.1", "h-18.2" ] ],
    [ "rgb17:VSS", "rgb18:VSS", "black", [ "v-11.1", "h-18.2" ] ],
    [ "rgb16:VSS", "rgb17:VSS", "black", [ "v-11.1", "h-18.2" ] ],
    [ "rgb21:VSS", "rgb16:VSS", "black", [ "v8.7", "h-20" ] ],
    [ "rgb12:VSS", "rgb6:VSS", "black", [ "v8.7", "h8.8" ] ],
    [ "rgb13:VSS", "rgb7:VSS", "black", [ "v8.7", "h8.8" ] ],
    [ "rgb14:VSS", "rgb8:VSS", "black", [ "v8.7", "h8.8" ] ],
    [ "rgb15:VSS", "rgb9:VSS", "black", [ "v8.7", "h8.8", "v9.6" ] ],
    [ "rgb21:VDD", "rgb16:VDD", "green", [ "h0", "v-9.6", "h38.4", "v48" ] ],
    [ "rgb16:VDD", "rgb6:VDD", "green", [ "h19.4", "v55.2" ] ],
    [ "rgb22:VDD", "rgb23:VDD", "green", [ "h0", "v-9.6", "h-28.8" ] ],
    [ "rgb22:VDD", "rgb21:VDD", "green", [ "h0", "v-9.6", "h19.2" ] ],
    [ "rgb24:VDD", "rgb23:VDD", "green", [ "h0", "v-9.6", "h19.2" ] ],
    [ "rgb25:VDD", "rgb24:VDD", "green", [ "h0", "v-9.6", "h19.2" ] ],
    [ "rgb21:DOUT", "rgb22:DIN", "blue", [ "h0" ] ],
    [ "rgb22:DOUT", "rgb23:DIN", "blue", [ "h0" ] ],
    [ "rgb23:DOUT", "rgb24:DIN", "blue", [ "h0" ] ],
    [ "rgb24:DOUT", "rgb25:DIN", "blue", [ "h0" ] ],
    [ "rgb25:VSS", "rgb19:VSS", "black", [ "v8.7", "h8.8" ] ],
    [ "rgb24:VSS", "rgb18:VSS", "black", [ "v8.7", "h8.8" ] ],
    [ "rgb23:VSS", "rgb17:VSS", "black", [ "v8.7", "h8.8" ] ],
    [ "rgb22:VSS", "rgb16:VSS", "black", [ "v8.7", "h8.8" ] ],
    [ "btn1:1.r", "pico:GP5", "green", [ "v0" ] ],
    [ "btn1:2.r", "pico:GND.2", "green", [ "h0" ] ],
    [ "btn2:1.r", "pico:GP6", "green", [ "v0" ] ],
    [ "btn2:2.r", "pico:GND.2", "green", [ "h9.8", "v-67" ] ]
  ],
  "dependencies": {}
}